Algorithm,MAE,MSE,RMSE,R2,Training Time (s),Prediction Time (s)
XGBoost,17344.353515625,491056384.0,22159.792056786093,0.9597793817520142,0.4435088634490967,0.0028619766235351562
Linear Regression,20885.3003934118,691542537.9444408,26297.196389433626,0.9433582850886487,0.0018095970153808594,0.0001499652862548828
Random Forest,25211.063379624047,1019062523.2667658,31922.758703889704,0.9165323233892579,2.2218358516693115,0.023465633392333984
